,alloy_name,phases,YS_Mpa,R_delta,S_config,VEC,R_cov_delta,density_avg,Tm_avg,E_avg,E_delta,G_avg,G_delta,B_avg,B_delta,Compress_avg,Compress_delta,EN_Allen_avg,H_avg,Vm_delta,E_coh_avg,E_coh_delta,Senkov_param,H_ch_M_L_R,H_el_M_S_R
0, AlMo0.5NbTa0.5TiZr,BCC+B2,2197,0.05004706085573613,0.014533431935812188,4.3,0.09238086170666439,7.12,2169.164,120.34,0.6428787205531797,48.65,0.5916731871669739,1.3341,0.4776438631302809,0.9112,0.39500590645591405,1.425,843.0,0.13647150698965566,5.904000000000001,0.2747571904841169,1.9025586814492523,-16.57,3.1
1,Al0.158CuMnNi,FCC,330,0.03888061523260449,0.01032811103192951,9.016466117796075,0.039155681986497555,8.102153261557948,1504.7766181127295,175.77314756174795,0.25628153591594044,66.210386320456,0.25986240853089504,1.2476491450284992,0.41783754766481007,1.0027960734642178,0.49309320474173307,1.8158264724509183,330.9677010766308,0.1000207103972448,3.605326155794807,0.17004769594542302,4.453151859633141,-3.49,1.35
2,Al0.25CoCrCu0.75FeNiTi0.5,FCC,750,0.05386189648945421,0.01554721513376999,8.0,0.06925408740597018,7.714545454545455,1765.4627272727275,171.73636363636365,0.27278326447128554,67.0,0.25219384118262717,1.653,0.2049628007835743,0.6453181818181818,0.31859136191743026,1.7545454545454544,917.1818181818182,0.16338380505929925,4.199999999999999,0.0943382817296955,3.801666043152547,-7.22,3.91
3,Al0.25CoFeNi,FCC,158,0.03891450572081015,0.010685926202534507,8.538461538461538,0.02655425022718976,8.093846153846155,1704.7169230769232,200.7846153846154,0.19034344469864695,74.81538461538463,0.18214772735896298,1.7346153846153847,0.17715846023779055,0.6154615384615385,0.36414562323246913,1.8223076923076924,717.7692307692308,0.12457920322365282,4.294615384615385,0.06261759811796908,3.0823145915755825,-5.91,1.98
4,Al0.25MoNbTiV,BCC,1250,0.03904896499064594,0.01270766391344736,4.882352941176471,0.049393116929386055,7.048235294117648,2353.96,160.12941176470588,0.5944189490953872,64.31764705882352,0.5249054632881466,1.7123529411764706,0.37117620838274773,0.6748823529411765,0.3993265166508377,1.4570588235294117,908.6470588235294,0.09716851308004709,5.975882352941176,0.20910841280729245,4.944352486892322,-6.05,2.18
5,Al0.25NbTaTiV,BCC,1330,0.036852081876282305,0.01270766391344736,4.647058823529412,0.05688436713341739,8.50705882352941,2446.9011764705883,126.01176470588234,0.28078051605515947,50.599999999999994,0.23498778021596972,1.5417647058823527,0.2537478247308177,0.7064117647058823,0.33613532395572626,1.426470588235294,887.470588235294,0.09873314145466021,6.277058823529411,0.24498449285030857,6.644102089745125,-4.68,2.28
6,Al0.25NbTaTiZr,BCC+B2,1745,0.04689187106184003,0.01270766391344736,4.411764705882353,0.06112963661498693,8.62941176470588,2433.7247058823527,112.12941176470588,0.38366815361837614,45.470588235294116,0.35997926958638526,1.3568235294117645,0.3577716603084378,0.8433529411764705,0.3618264461904825,1.3770588235294117,951.7058823529411,0.12428863054485692,6.498235294117647,0.22279121176464997,8.012164668447271,-3.86,2.48
7,Al0.2MoTaTiV,BCC,1021,0.03919420096432995,0.012568476876778149,4.904761904761905,0.050611693006844045,8.964285714285714,2499.4438095238093,180.48571428571427,0.49724689177382475,65.99047619047619,0.5092156869862905,1.795095238095238,0.3566703007861889,0.6457142857142857,0.41579208340407975,1.4385714285714286,924.6190476190475,0.09797484006307035,6.132857142857143,0.22740737707317013,5.80669163120264,-5.41,2.43
8,Al0.333CuMnNi,FCC+BCC,515,0.043684245483362784,0.010922393647815715,8.7005700570057,0.03816264937971489,7.818511851185119,1474.7721452145215,170.23000300030003,0.29237798995540465,64.1936393639364,0.2930485670959165,1.2200498049804982,0.4268779560667148,1.0228637863786378,0.47788062167983103,1.805019501950195,322.35853585358535,0.12853316101921317,3.5940204020402042,0.16658085238662834,2.58556049933654,-6.23,2.13
9,Al0.3HfNbTaTiZr,BCC,1188,0.049603543480842116,0.014431908651129234,4.320754716981132,0.06242875837493218,9.454716981132075,2433.2067924528305,116.61509433962266,0.34374187086521696,46.72452830188679,0.32239517891999375,1.300490566037736,0.3464691830849685,0.8629245283018869,0.323982570880233,1.3383018867924528,1096.8113207547171,0.12732009441484618,6.457924528301888,0.20606466411639182,8.98102766188911,-3.91,3.36
10,Al0.3NbTa0.8Ti1.4V0.2Zr1.3,BCC,1965,0.05208053928518622,0.0134631082098276,4.34,0.06417957937610519,7.6979999999999995,2316.7792,105.93199999999999,0.3624049608434122,42.675999999999995,0.3624737774443399,1.27934,0.35689362298452276,0.8835,0.33259081971564114,1.3837999999999997,1102.3999999999999,0.14003029820796598,6.208799999999999,0.2260208752182792,6.552741400814668,-4.76,3.28
11,Al0.3NbTaTi1.4Zr1.3,BCC+BCC,1965,0.04769007412848362,0.0126310390599683,4.34,0.06281884690389263,8.113999999999999,2361.0591999999997,108.25200000000001,0.38096397947341903,43.4,0.36977798162770525,1.29458,0.3659168598562995,0.8787799999999999,0.3402145367652822,1.3761999999999999,1084.8,0.1284002054497697,6.3204,0.22750381333545158,6.887443643902425,-4.33,2.64
12,Al0.4Hf0.6NbTaTiZr,BCC,1841,0.04890700375983945,0.014499950603880101,4.319999999999999,0.06914257447162611,9.012,2397.3856,113.976,0.36204930979955197,45.84400000000001,0.34057017528589506,1.3057600000000003,0.35783903983198573,0.8688,0.3414583289082857,1.358,1025.1599999999999,0.1280361028583914,6.398000000000001,0.2244277235173859,5.588741604252968,-6.22,3.11
13,Al0.5CoCrCu0.5FeNiTi0.5,FCC+BCC,1580,0.058856997353094034,0.015744955364099922,7.636363636363637,0.06906144947448788,7.43,1746.176363636364,169.10909090909092,0.29974241810341,66.13636363636364,0.2771849168616345,1.6235454545454546,0.23829483519517505,0.6750909090909091,0.38033349904282665,1.7436363636363637,908.0,0.17542582431005393,4.195454545454545,0.09649017218124355,2.524652791854992,-10.89,4.58
14,Al0.5CoCrCuFeNi,FCC,388,0.04112070613126719,0.014697168880613487,8.272727272727273,0.036593195708840294,7.834545454545454,1692.96,171.4727272727273,0.28017178818286964,67.0,0.255791777750724,1.6525454545454545,0.21384237952274088,0.655,0.37044679057858326,1.7863636363636366,691.5454545454545,0.1258231000400147,4.071818181818182,0.09665402684894384,12.959228660480942,-1.92,1.99
15,Al0.5CoFeNi,FCC+BCC,346,0.05051751934871784,0.011238732128524116,8.142857142857142,0.026925852847398273,7.708571428571428,1649.6171428571429,191.45714285714286,0.2604914501475651,71.45714285714286,0.24996912279837274,1.6622857142857144,0.23737671825392614,0.6704285714285714,0.43721155208465434,1.807142857142857,678.4285714285713,0.1568577583839559,4.23,0.08237967522897985,1.9681109536298016,-9.42,3.24
16,Al0.5CrNbTi2V0.5,BCC,1240,0.05922118868049566,0.012228301672142035,4.6,0.07448207612275635,5.818000000000001,2074.832,110.32000000000001,0.19546678527853126,48.58,0.3082894587613869,1.3751,0.29745504089963803,0.8033,0.3310812077732365,1.478,1423.7,0.1447113026096755,5.143999999999999,0.2564375689622119,2.31704763607432,-10.95,4.9
17,Al0.5CrNbTi2V0.5,BCC+Laves,1340,0.05922118868049566,0.012228301672142035,4.6,0.07448207612275635,5.818000000000001,2074.832,110.32000000000001,0.19546678527853126,48.58,0.3082894587613869,1.3751,0.29745504089963803,0.8033,0.3310812077732365,1.478,1423.7,0.1447113026096755,5.143999999999999,0.2564375689622119,2.31704763607432,-10.95,4.9
18,Al0.5HfNbTaTiZr,BCC,1302,0.049468839382145156,0.014697168880613487,4.272727272727273,0.07290234813741561,9.209090909090909,2378.665454545455,114.92727272727274,0.3506368326946761,46.03636363636364,0.3302988256885003,1.2794545454545456,0.35591326393224665,0.8819090909090909,0.3303331034380716,1.3481818181818181,1063.0,0.12898266792936314,6.346363636363637,0.22485234747770524,4.648889347863803,-7.52,3.35
19,Al0.5Mo0.5NbTa0.5TiZr,BCC+B2,2350,0.052025105192089076,0.01442584136318974,4.444444444444445,0.07638719224417068,7.61111111111111,2306.48,125.9111111111111,0.6323756316812559,50.96666666666666,0.5777160227107911,1.4021111111111109,0.4538379471132467,0.8585555555555555,0.3970901383164581,1.4044444444444442,918.1111111111111,0.13808055975527034,6.183333333333334,0.23677860715189045,3.2209985079738503,-10.33,3.39
20,Al0.5MoNbTiV,BCC,1625,0.03833503199095224,0.013145213438928542,4.777777777777778,0.06047815373438222,6.806666666666666,2275.035555555555,155.13333333333333,0.6108813993882565,62.28888888888889,0.5435801443844415,1.657333333333333,0.39703382494540335,0.7143333333333333,0.4316003060908947,1.4655555555555555,867.4444444444445,0.0944408897839076,5.832222222222222,0.23167053737883997,3.386843483457435,-8.83,2.03
21,Al0.5NbTa0.8Ti1.5V0.2Zr,BCC+BCC,2035,0.048359938188791404,0.013777907447110565,4.3,0.07318758842649242,7.505,2265.352,106.69999999999999,0.3554318936867527,43.046,0.35186103747296854,1.27926,0.3582102398997369,0.8859199999999999,0.3395315549989679,1.3965999999999998,1109.9,0.13264456419900622,6.0664,0.25019554101400754,3.6937053480623443,-8.45,2.82
22,Al0.5NbTaTiV,BCC,1014,0.035917268955195314,0.013145213438928542,4.555555555555555,0.0686340921338183,8.184444444444445,2362.8133333333335,122.9111111111111,0.2984636104177708,49.33333333333333,0.2570428704583531,1.4962222222222221,0.28340694710149766,0.7441111111111111,0.37390746693003324,1.4366666666666665,847.4444444444445,0.09606416679332325,6.116666666666666,0.26717784928394195,3.742130793134082,-8.3,2.12
23,Al0.6MoTaTiV,BCC,962,0.03805571836072344,0.013241589181517462,4.739130434782609,0.06726648913539988,8.419565217391304,2363.259130434783,170.89565217391305,0.5337294859484533,62.66956521739131,0.5403640011238549,1.7017826086956525,0.4010083118674262,0.7100000000000001,0.4654451746947333,1.4534782608695653,858.7391304347827,0.09363077472889648,5.894347826086957,0.2613576699318869,3.176985434993664,-9.85,2.15
24,Al0.75CoCrCu0.25FeNiTi0.5,BCC,1900,0.0629252530664423,0.01554721513376999,7.2727272727272725,0.06886109611171753,7.1454545454545455,1726.89,166.4818181818182,0.32515715663393874,65.27272727272727,0.3006553480607284,1.5940909090909092,0.26823436302471926,0.7048636363636364,0.4204036706535523,1.732727272727273,898.8181818181818,0.1843366981119781,4.1909090909090905,0.09859210973116339,1.858015940647478,-14.45,5.19
25,Al0.75CoFeNi,FCC+BCC,794,0.057237230216475074,0.011467435803685826,7.799999999999999,0.027073535952478796,7.374666666666666,1601.864,183.37333333333333,0.31023612272375795,68.54666666666667,0.29768462956677255,1.5996000000000001,0.2798107925839231,0.7180666666666666,0.4659842037318521,1.794,644.3333333333333,0.17414964358890792,4.1739999999999995,0.09500039043502258,1.5333282626239895,-11.98,4.16
26,Al0.75HfNbTaTiZr,BCC,1415,0.04924666416520669,0.014854820038583847,4.217391304347826,0.08281221261396125,8.92608695652174,2315.824347826087,112.98260869565217,0.358052311667336,45.243478260869566,0.3388218252663096,1.2552173913043476,0.36618797242567325,0.9037826086956523,0.33506853828462063,1.3595652173913042,1024.0434782608695,0.13060878011975233,6.2178260869565225,0.24450394861490515,3.0389711950465834,-11.32,3.33
27,Al0.75MoNbTiV,BCC,1260,0.0376439586000752,0.013332065209759665,4.684210526315789,0.06819625487698677,6.590526315789473,2204.418947368421,150.66315789473683,0.6250366337763488,60.47368421052631,0.5596451298916115,1.6081052631578947,0.4189160837781275,0.7496315789473684,0.4473886334995505,1.473157894736842,830.578947368421,0.09193063982157995,5.7036842105263155,0.24961101461644183,2.666919887109396,-11.02,1.9
28,Al0.7Co0.3CrFeNi,FCC+BCC,2033,0.05447275511602928,0.012795332770171867,7.199999999999999,0.03928266354683649,7.117000000000001,1725.681,171.585,0.3207365364887649,68.2875,0.27725236275034665,1.6309,0.2620253901347591,0.6960249999999999,0.4575345011491327,1.7522499999999999,684.45,0.15836776669196548,4.1275,0.08761226422677333,1.915061808340239,-11.53,3.43
29,Al1.125CuFe0.75NiTi1.125,FCC,980,0.07027470971876079,0.013298973445230499,6.9750000000000005,0.08840180973168389,6.374750000000001,1535.9460000000001,139.995,0.42174975609108545,51.7675,0.4084911302469177,1.2973750000000002,0.3222734647545039,0.8683,0.3615237477938302,1.68875,949.325,0.20101383845480697,4.082000000000001,0.14327775900605913,0.984884525906847,-20.74,7.11
30,Al1.5MoNbTiV,BCC,500,0.03572135782118123,0.013253901936467194,4.454545454545455,0.08166978619811786,6.0600000000000005,2031.0872727272729,139.6909090909091,0.6569291606333466,56.018181818181816,0.5960687050726867,1.4872727272727275,0.46796522308313016,0.8362727272727273,0.4548407247694698,1.4918181818181817,740.090909090909,0.08545217722458173,5.388181818181819,0.28637416621414785,1.7792353957127476,-15.13,1.58
31,Al1CoCrCuFeNi,FCC+BCC,950,0.05201294647922279,0.014896688227162048,7.833333333333332,0.035190522874496796,7.406666666666666,1629.6566666666665,163.03333333333333,0.330261616817377,63.73333333333332,0.30851401731740186,1.575,0.2698375349881587,0.7158333333333333,0.4298430214466421,1.7716666666666665,647.8333333333333,0.15557062765447266,4.015,0.10493090876602379,4.389961533571333,-5.53,3.15
32,Al2.0CoCrCuFeNi,FCC+BCC,1620,0.06158999307561682,0.014531775362338623,7.142857142857142,0.03280326613179366,6.734285714285714,1530.18,149.77142857142854,0.3972717473100381,58.6,0.37755149745732697,1.453142857142857,0.3398665172663942,0.8114285714285714,0.454454917968527,1.7485714285714284,579.1428571428571,0.17836533711932262,3.925714285714286,0.11390973826208932,2.262078537532382,-9.83,4.48
33,Al2CoCrCuFeMnNiTiV,BCC,1465,0.061748082927477264,0.01799112733131742,6.6000000000000005,0.07678538984566013,6.495000000000001,1635.626,147.33999999999997,0.36963005753048944,57.349999999999994,0.3674641978562247,1.3437999999999999,0.372952361342411,0.8928999999999999,0.4613323393856305,1.6900000000000002,744.3810000000001,0.1786172810491377,4.055999999999999,0.1745457657422552,1.8530702539303139,-15.88,5.16
34,Al5.333CoCrCuFeMnNiTiV,BCC+Im,1461,0.062130374098352155,0.015968713948953456,5.700067501687542,0.06839595624308695,5.546321158028951,1460.0626685667141,128.05644641116027,0.4513241235587423,49.96305407635191,0.44611568343822366,1.188361659041476,0.42980221594759055,1.0159157728943222,0.40902249697902515,1.6700015000375008,600.0465761644041,0.17471983783738743,3.889512487812195,0.1741993965233727,1.2206975446014396,-19.1,5.26
35,Al8Cu0.5Li0.5Mg0.5Zn0.5,FCC+Im,488,0.03822089150919032,0.006465476012966648,3.7,0.03099211475290661,3.0780000000000003,917.9884999999999,69.99000000000001,0.2849957405620611,27.352,0.26780578966822116,0.6995000000000001,0.3079129666786506,1.8,0.891231288654378,1.5700000000000003,181.89999999999998,0.12721716701558478,3.111,0.21856481696543598,2.6978330122405603,-2.2,1.66
36,Al8Li0.5Mg0.5Sn0.5Zn0.5,FCC+Im,415,0.03934366085786935,0.006465476012966648,3.3500000000000005,0.04002310653335006,2.9945000000000004,875.3539999999999,66.42,0.22625605744451163,27.657,0.29659214507386206,0.6865000000000001,0.261262182945163,1.80855,0.8840992817342695,1.5685000000000002,166.95,0.15975084138098752,3.0935,0.21802404218104934,11.097216254616484,-0.51,2.83
37,AlC0.1CoCrFeNi,BCC+Æ-carbide,957,0.07973593960929276,0.013920872366202893,7.137254901960786,0.06644811644831039,7.000000000000001,1731.3960784313726,166.7058823529412,0.36378282392644656,65.80392156862746,0.3308481908668495,1.6711764705882355,0.3564401733919451,0.7034509803921569,0.48395080388569955,1.771372549019608,689.8039215686275,0.1855523666161119,4.183725490196079,0.14080120387059397,1.597252738448466,-15.09,3.72
38,AlC0.2CoCrFeNi,BCC+Æ-carbide,906,0.0965824562425612,0.01422159653636338,7.076923076923077,0.08491905494250562,6.907692307692308,1776.9076923076918,163.5,0.3931165828965883,64.53846153846153,0.3622356323567359,1.724230769230769,0.40662267779588357,0.6942692307692309,0.49471230356008733,1.7861538461538462,676.5384615384615,0.20147956396549224,4.244999999999999,0.1717922386057378,1.4465062554299095,-17.47,3.57
39,AlC0.3CoCrFeNi,BCC+Æ-carbide,867,0.11027266265340971,0.014431908651129234,7.018867924528303,0.09937153991406414,6.818867924528302,1820.7018867924528,160.41509433962264,0.42040855428104745,63.320754716981135,0.39111223619045893,1.775283018867925,0.44275193685639475,0.685433962264151,0.5049680713555199,1.8003773584905662,663.7735849056604,0.21574535755656823,4.303962264150944,0.1947486029443464,1.3358517189185215,-19.67,3.44
40,AlC0.4CoCrFeNi,BCC+Æ-carbide,1056,0.12190408946745598,0.014585020244042268,6.962962962962962,0.1114120975960953,6.733333333333333,1862.874074074074,157.44444444444443,0.4460336952261237,62.14814814814815,0.4179986952693971,1.8244444444444445,0.46973669663070516,0.6769259259259258,0.5147560264304516,1.814074074074074,651.4814814814814,0.22867847172045944,4.360740740740741,0.21271275572831547,1.2526535768774487,-21.69,3.31
41,AlC0.5CoCrFeNi,BCC+Æ-carbide,1060,0.1320473499787939,0.014697168880613487,6.909090909090909,0.12178510266157332,6.65090909090909,1903.5127272727273,154.5818181818182,0.47026456600669025,61.018181818181816,0.44325730360134546,1.8718181818181818,0.4903089536897054,0.6687272727272727,0.524109682857167,1.8272727272727272,639.6363636363636,0.24050995897623276,4.415454545454546,0.22720361927167618,1.187446859894925,-23.56,3.19
42,AlC1.5CoCrFeNi,BCC+Æ-carbide+Graphite,1255,0.19380104487182273,0.014784231704418765,6.461538461538462,0.18346170235120424,5.966153846153846,2241.126153846154,130.79999999999998,0.6657145106465405,51.63076923076923,0.6434425511932712,2.2653846153846158,0.5521596413823256,0.6006153846153846,0.599056624701831,1.936923076923077,541.2307692307693,0.32250926154652804,4.87,0.28951707832493384,0.9252535140266516,-35.81,2.29
43,AlCCoCrFeNi,BCC+Æ-carbide+Graphite,1251,0.16927492148695666,0.014896688227162048,6.666666666666666,0.1591951345359659,6.279999999999999,2086.3866666666663,141.7,0.5763352200442133,55.93333333333332,0.5524922415211099,2.085,0.5409298038087094,0.6318333333333334,0.5653056521102247,1.8866666666666665,586.3333333333333,0.28792031962774056,4.661666666666666,0.27044112370351125,1.005507981062478,-30.91,2.68
44,AlCoCrCuFeMnNi,FCC+BCC+Im,1005,0.051092278548936526,0.016178296979245874,7.7142857142857135,0.03721744257132769,7.3914285714285715,1613.8485714285714,167.74285714285713,0.3050318957492127,65.97142857142856,0.28817973941005787,1.4351428571428573,0.3635220755162179,0.8535714285714285,0.5173180877240681,1.7685714285714285,556.6871428571428,0.14441248628483042,3.8585714285714285,0.1417021503001641,4.204399592287138,-6.21,2.72
45,AlCoCrCuFeMnNiTiV,FCC+BCC,1862,0.05948474078025084,0.018267725135973325,7.0,0.0799131932863737,6.916666666666667,1713.6599999999999,155.9111111111111,0.32458142386036914,60.63333333333333,0.3238850141721303,1.4128888888888884,0.34042938748405155,0.8382222222222221,0.4751649250182719,1.6988888888888887,808.5344444444444,0.17388256386405584,4.13,0.17157715981013338,2.422962063197527,-12.92,4.83
46,AlCoCrCuFeNi,FCC+BCC,1303,0.05201294647922279,0.014896688227162048,7.833333333333332,0.035190522874496796,7.406666666666666,1629.6566666666665,163.03333333333333,0.330261616817377,63.73333333333332,0.30851401731740186,1.575,0.2698375349881587,0.7158333333333333,0.4298430214466421,1.7716666666666665,647.8333333333333,0.15557062765447266,4.015,0.10493090876602379,4.389961533571333,-5.53,3.15
47,AlCoCrCuFeNiTi,FCC+BCC,1234,0.06679938227414127,0.016178296979245874,7.285714285714285,0.07749166656650515,6.992857142857143,1674.42,154.31428571428572,0.3514384500968861,59.957142857142856,0.3405639037211252,1.5001428571428572,0.28936928034755205,0.7494285714285713,0.39565983038117,1.7157142857142855,948.1428571428571,0.19389272643634745,4.134285714285714,0.11788014181285433,1.9225879366919003,-14.09,5.95
48,AlCoCrCuFeNiV,FCC+BCC,1469,0.04898164530903443,0.016178296979245874,7.428571428571428,0.067821881960359,7.2057142857142855,1708.7057142857143,157.88571428571427,0.32567538801420826,61.285714285714285,0.312730699017833,1.5812857142857144,0.249018392677815,0.7018571428571428,0.4088022934407456,1.737142857142857,645.2857142857142,0.14758516562646398,4.199999999999999,0.1423574025526893,3.3146221218044043,-8.34,3.12
49,AlCoCrFeMo0.1Ni,BCC,1804,0.05690078594345301,0.013920872366202893,7.176470588235295,0.046205028379243666,7.15686274509804,1707.807843137255,173.1764705882353,0.34713271317278965,68.2156862745098,0.3100743927226447,1.6377450980392159,0.29043329301441617,0.7061960784313727,0.4773787592729873,1.7503921568627452,695.2941176470589,0.16855669445022597,4.172941176470589,0.12772994847739672,1.9328597569360957,-12.3,4.23
50,AlCoCrFeMo0.2Ni,BCC+Im,2456,0.05684710394792832,0.01422159653636338,7.153846153846153,0.05224687517752513,7.2153846153846155,1730.6384615384613,176.19230769230768,0.35932532593385236,69.26923076923076,0.3213225962517112,1.6586538461538463,0.297927905300903,0.6996538461538462,0.48183669240996907,1.7449999999999997,687.3076923076923,0.16944559305265855,4.223846153846154,0.15174115054399395,2.032406436854883,-12.11,4.57
51,AlCoCrFeMo0.3Ni,BCC+Im,2649,0.056774991876641305,0.014431908651129234,7.132075471698114,0.05718527172380611,7.271698113207547,1752.6075471698116,179.0943396226415,0.36913404678762496,70.28301886792454,0.3304815747633314,1.6787735849056604,0.3041059195493596,0.6933584905660377,0.48603291789313874,1.739811320754717,679.622641509434,0.1701585943561277,4.2728301886792455,0.17002950987922488,2.1201569171864536,-11.93,4.88
52,AlCoCrFeMo0.4Ni,BCC+Im,2670,0.05668663890396471,0.01458502024404227,7.111111111111111,0.061331045350396775,7.325925925925926,1773.7629629629628,181.88888888888889,0.37705379934538447,71.25925925925927,0.3379731457808246,1.6981481481481482,0.30920459582849635,0.6872962962962962,0.4899845142086995,1.7348148148148146,672.2222222222222,0.1707181921786753,4.319999999999999,0.18460019915047043,2.201733508335933,-11.75,5.17
53,AlCoCrFeMo0.5Ni,BCC+Im,2757,0.05658397021577653,0.014697168880613487,7.09090909090909,0.06487289927130216,7.378181818181818,1794.149090909091,184.5818181818182,0.3834518676170086,72.19999999999999,0.34411219809333965,1.7168181818181818,0.3134082728202516,0.6814545454545454,0.49370708186605566,1.7300000000000002,665.0909090909091,0.17114358273328584,4.365454545454546,0.19651724110463253,2.2771081335138232,-11.58,5.43
54,AlCoCrFeNb0.1Ni,BCC,1641,0.05840537746314174,0.013920872366202893,7.15686274509804,0.05335591619055596,7.124901960784315,1704.9647058823534,168.7450980392157,0.3355346896317994,66.97058823529412,0.29431213865122097,1.6176862745098042,0.27834540184162526,0.710529411764706,0.4702541209547099,1.7492156862745099,692.9411764705883,0.17496898520740217,4.18764705882353,0.14579702595307295,1.7672819106082576,-13.43,4.44
55,AlCoCrFeNb0.25Ni,BCC+Laves,1959,0.06028248769927441,0.014335348767850854,7.095238095238095,0.06821705891566288,7.166190476190476,1734.8228571428572,166.89523809523808,0.3405609610530374,66.75714285714287,0.2916012850175679,1.620095238095238,0.2740694747270984,0.707,0.4667099335104367,1.7395238095238093,677.7142857142857,0.1840845085138931,4.284285714285714,0.1924252990066028,1.6929401434705484,-14.69,5.21
56,AlCoCrFeNb0.5Ni,BCC+Laves,2473,0.06271801215210769,0.014697168880613487,7.0,0.0843904576779534,7.2299999999999995,1780.9672727272728,164.03636363636366,0.3478234070286035,66.42727272727272,0.28721461645410434,1.6238181818181818,0.2673607878079073,0.7015454545454546,0.46090401856798435,1.7245454545454548,654.1818181818181,0.1951612797478976,4.4336363636363645,0.23839617824151618,1.5921640375984394,-16.44,6.3
57,AlCoCrFeNiSi,BCC+Im,2411,0.06606340686948473,0.014896688227162048,6.666666666666667,0.044295026652282354,6.301666666666667,1684.5533333333333,160.36666666666665,0.3483936836967818,69.35,0.271355401674515,1.5113333333333334,0.315241679652139,0.7628333333333333,0.4289144887177716,1.7833333333333332,977.9999999999999,0.15812926223674087,4.204999999999999,0.09467541468953666,1.3902640337226178,-18.05,4.14
58,AlCoCrFeNiSi0.2,BCC,1265,0.05956481900853641,0.01422159653636338,7.0769230769230775,0.04016704415157833,6.912692307692307,1684.176923076923,167.80769230769232,0.33639204836826636,67.63461538461537,0.2906921855100025,1.591846153846154,0.2901276126076801,0.7245,0.46295897867232294,1.7623076923076921,766.9230769230769,0.16558952668904064,4.139615384615384,0.09381171593913737,1.7047462416977865,-14.05,3.96
59,AlCoCrFeNiSi0.4,BCC,1481,0.061700538595323075,0.01458502024404227,6.962962962962962,0.04153795992897108,6.742962962962963,1684.2814814814815,165.74074074074073,0.34021613590736327,68.11111111111111,0.28549988286831174,1.5694814814814817,0.297762347901996,0.7351481481481481,0.45377517264261713,1.768148148148148,825.5555555555554,0.16370460525277558,4.157777777777778,0.09432360265167232,1.60138719061753,-15.34,4.03
60,AlCoCrFeNiSi0.6,BCC,1834,0.06344722120191254,0.01477811766176137,6.857142857142858,0.04265042953319205,6.585357142857143,1684.3785714285714,163.82142857142858,0.3434383213008218,68.55357142857143,0.28055752829929986,1.548714285714286,0.3043994389979639,0.7450357142857142,0.44505962221467843,1.7735714285714286,880.0000000000001,0.1618260509519616,4.1746428571428575,0.09460800396488814,1.515952784136477,-16.42,4.08
61,AlCoCrFeNiSi0.8,BCC+Im,2179,0.0648821847400036,0.014870722517651312,6.7586206896551735,0.043556465805579835,6.438620689655172,1684.4689655172415,162.0344827586207,0.34614117553955637,68.96551724137932,0.27584801068704484,1.5293793103448279,0.3101861927430251,0.7542413793103449,0.43678245883490513,1.7786206896551724,930.6896551724137,0.15996496270834132,4.190344827586207,0.09471295095868051,1.4470982423918,-17.31,4.12
62,AlCoCrFeNiTi,BCC,1860,0.07124704998790961,0.014896688227162048,6.666666666666667,0.08198936919740608,6.665,1727.2199999999998,158.7,0.3617924452066822,62.14999999999999,0.3423737710018376,1.5218333333333334,0.3057833344502697,0.7526666666666666,0.42537061811972093,1.6933333333333331,1044.6666666666665,0.20149533108972134,4.241666666666666,0.1044750784344647,1.2040176808478629,-21.37,6.96
63,AlCoCrFeNiTi0.5,BCC,2260,0.06625297500602519,0.014697168880613487,6.909090909090908,0.06865299180945753,6.86090909090909,1707.6036363636365,163.85454545454547,0.3493926330671358,64.4090909090909,0.32295644479878766,1.5646363636363636,0.2958354257848584,0.7346363636363636,0.4471788011974558,1.7218181818181821,889.6363636363636,0.1907669749351794,4.1863636363636365,0.10064719053615308,1.403631936509288,-17.88,5.74
64,AlCoCrFeNiTi1.5,BCC+Im,2220,0.07400479592136579,0.014784231704418766,6.461538461538462,0.08931193429259734,6.499230769230769,1743.8184615384619,154.33846153846153,0.37058558817484133,60.238461538461536,0.3567389982826874,1.4856153846153848,0.31257417200056137,0.767923076923077,0.406432725445448,1.6692307692307695,1175.8461538461538,0.20619015663236392,4.288461538461538,0.10623347725722186,1.0919532480231973,-23.61,7.76
65,AlCoFeNi,BCC,964,0.06150140462508568,0.01152565131835077,7.5,0.027073906481619173,7.0825,1560.08,176.3,0.34894417979063774,66.0,0.33458271366958187,1.54475,0.31243777788876625,0.7597499999999999,0.4764419579730879,1.7825,614.5,0.18415446642324704,4.125,0.10382580594340685,1.2992007303997593,-13.84,4.83
66,AlCr0.5NbTiV,BCC,1300,0.05110234826363008,0.013145213438928542,4.444444444444445,0.08366036166074871,5.634444444444443,1977.6266666666668,105.71111111111111,0.22309153604765747,46.0,0.31036494972271444,1.343222222222222,0.32004757894152625,0.8453333333333333,0.3830441721564829,1.5011111111111108,941.5555555555555,0.12853653142260082,5.148888888888888,0.28397938837482956,1.6869775883095475,-15.41,3.55
67,AlCr1.5NbTiV,BCC+Laves,1700,0.0618869778003113,0.013253901936467194,4.7272727272727275,0.08319716366906818,5.91,2014.4218181818183,112.85454545454546,0.2318589269008597,50.654545454545456,0.3209196737204225,1.4446363636363635,0.30761936199865436,0.7872727272727272,0.40358464910521674,1.5281818181818183,963.090909090909,0.15811529724774875,4.958181818181818,0.2789487000379861,1.9361094442974451,-13.79,5.18
68,AlCrFeNi,BCC,1406,0.06150140462508568,0.01152565131835077,6.75,0.03719586391822628,6.655000000000001,1663.08,161.55,0.3724378159985216,64.575,0.3326838588779,1.5415,0.31150071507086147,0.7607499999999999,0.4749569792049156,1.7349999999999999,618.75,0.17222462622187493,4.0525,0.09894134139753492,1.4251360739422154,-13.45,4.26
69,AlCrFeNiMo0.2,BCC,1487,0.06088953151701906,0.012568476876778147,6.714285714285714,0.05231327432583783,6.823809523809524,1721.742857142857,169.57142857142856,0.4057779150507615,67.35714285714286,0.36194105609471655,1.5978571428571426,0.3329989709542249,0.7419523809523808,0.4885731474273744,1.7223809523809523,602.6190476190476,0.17248285312531403,4.184285714285714,0.16906919146691746,1.6853337451524875,-12.84,4.94
70,AlCrFeNiMo0.5,BCC,1749,0.059914468951527744,0.013145213438928542,6.666666666666667,0.0652002964335958,7.048888888888888,1799.96,180.26666666666665,0.4304241238425546,71.06666666666666,0.384683447050561,1.6729999999999998,0.3502150262833158,0.7168888888888888,0.5057201446309287,1.7055555555555555,581.1111111111111,0.17187252423200858,4.36,0.21750999660134068,1.9684574360677056,-12.02,5.72
71,AlCrFeNiMo0.8,BCC+sigma,1513,0.05890798527058726,0.013350675322473433,6.625,0.07293334919033376,7.245833333333334,1868.4,189.625,0.4398857456323362,74.3125,0.394328232089372,1.73875,0.3576341682389331,0.6949583333333335,0.5196893073569051,1.6908333333333334,562.2916666666666,0.17049686791172552,4.513750000000001,0.2424612185178953,2.2055173980998553,-11.31,6.27
72,AlCrNbTiV,BCC+Laves,1550,0.0579461967421687,0.01338086680397711,4.6000000000000005,0.08374323906951034,5.7860000000000005,1997.864,109.64000000000001,0.23064493027047273,48.56,0.3206352588443642,1.3990000000000002,0.315102114052133,0.8134000000000001,0.39559312718705103,1.5160000000000002,953.4,0.14675347994745933,5.0440000000000005,0.2819957824340278,1.8322928085305639,-14.59,4.57
73,AlCuFeNiTi,FCC,1074,0.07033056113291507,0.01338086680397711,7.2,0.08509767613295305,6.588000000000001,1554.5880000000002,146.24,0.40692405752277666,54.160000000000004,0.39722965767535734,1.3372,0.3091275855202688,0.8396000000000001,0.36639451697064634,1.7040000000000004,906.8,0.20092760205571314,4.09,0.13771164389606724,1.137950490320633,-18.28,6.88
74,AlCuNiTi,FCC,300,0.06733685457894706,0.01152565131835077,7.0,0.09366808566555244,6.2675,1490.4850000000001,130.05,0.42922883603704454,47.599999999999994,0.400481557278859,1.25075,0.3356278060863987,0.901,0.34999274533198366,1.68,981.5,0.20256244217411293,4.0425,0.15354365106763596,0.7011759349074306,-24.5,7.26
75,AlHfNbTaTiZr,BCC+BCC,1489,0.04897856154228236,0.014896688227162048,4.166666666666666,0.09045963504855313,8.666666666666666,2258.22,111.19999999999999,0.3643362863598841,44.516666666666666,0.3460774093254615,1.2329999999999999,0.37502925590574987,0.9238333333333333,0.3373538045146921,1.3699999999999999,988.3333333333333,0.13182704938981907,6.1,0.2609734462695354,2.323204370741842,-14.48,3.29
76,AlLiMgSnZn,FCC+HCP+Im,600,0.05812417437252315,0.01338086680397711,4.4,0.06237332738339796,3.878,701.456,55.08,0.49116797597852974,27.228,0.602255672987462,0.5800000000000001,0.5809909939726166,3.0792,0.9227789263175566,1.4440000000000002,166.8,0.20956839847213363,2.204,0.3967458316313041,1.4922240548252095,-6.29,6.64
77,AlMo0.5NbTa0.5TiZr,BCC+BCC,2000,0.05004706085573613,0.014533431935812188,4.3,0.09238086170666439,7.12,2169.164,120.34,0.6428787205531797,48.65,0.5916731871669739,1.3341,0.4776438631302809,0.9112,0.39500590645591405,1.425,843.0,0.13647150698965566,5.904000000000001,0.2747571904841169,1.9025586814492523,-16.57,3.1
78,AlMoNbTiV,BCC,1375,0.03697765458727077,0.01338086680397711,4.6000000000000005,0.07390807332268298,6.396000000000001,2140.864,146.64000000000001,0.6372463489786242,58.84,0.5735339752162909,1.5638,0.43766177762083325,0.7814000000000001,0.45432005387156815,1.4800000000000002,797.4,0.08961036203490053,5.588000000000001,0.2642150215935578,2.250323333026681,-12.73,1.78
79,AlNb1.5Ta0.5Ti1.5Zr0.5,BCC,1280,0.034230592841695405,0.01251080979052542,4.2,0.0879680890026033,6.756,2136.2639999999997,101.14,0.3137882811554931,43.55,0.33867403486645775,1.2535999999999998,0.3590142490679423,0.9084000000000001,0.3518295932374014,1.4250000000000003,1015.7,0.09874934036365789,5.8389999999999995,0.29265142633165336,1.787718566310836,-14.95,1.35
80,AlNbTaTiV,BCC,993,0.03423965611572896,0.01338086680397711,4.4,0.08310000486631837,7.636000000000001,2219.864,117.64000000000001,0.3249417555150823,47.18,0.2894192741282361,1.4188,0.32740171707118926,0.8082000000000001,0.4040491683819913,1.4540000000000002,779.4,0.09131669485856587,5.844,0.2999547951961754,2.2150413502568114,-13.41,1.85
81,AlNbTiV,BCC,1000,0.037861979617132294,0.01152565131835077,4.25,0.0824463365213399,5.445,1952.33,100.8,0.2005391997777947,42.8,0.27361898050600136,1.2734999999999999,0.31815228967580855,0.88525,0.36361307042294455,1.4825000000000002,926.75,0.09613798501095563,5.28,0.28412247299402194,1.3872919135854354,-16.22,1.84
82,AlNbTiV,BCC,1020,0.037861979617132294,0.01152565131835077,4.25,0.0824463365213399,5.445,1952.33,100.8,0.2005391997777947,42.8,0.27361898050600136,1.2734999999999999,0.31815228967580855,0.88525,0.36361307042294455,1.4825000000000002,926.75,0.09613798501095563,5.28,0.28412247299402194,1.3872919135854354,-16.22,1.84
83,AlNbTiV,BCC,1020,0.037861979617132294,0.01152565131835077,4.25,0.0824463365213399,5.445,1952.33,100.8,0.2005391997777947,42.8,0.27361898050600136,1.2734999999999999,0.31815228967580855,0.88525,0.36361307042294455,1.4825000000000002,926.75,0.09613798501095563,5.28,0.28412247299402194,1.3872919135854354,-16.22,1.84
84,AlNbTiV,B2,1000,0.037861979617132294,0.01152565131835077,4.25,0.0824463365213399,5.445,1952.33,100.8,0.2005391997777947,42.8,0.27361898050600136,1.2734999999999999,0.31815228967580855,0.88525,0.36361307042294455,1.4825000000000002,926.75,0.09613798501095563,5.28,0.28412247299402194,1.3872919135854354,-16.22,1.84
85,AlNbTiVZr,B2+Al3Zr5+C14 Laves ZrAlV,1500,0.06198565102849966,0.01338086680397711,4.2,0.09158858449104736,5.660000000000001,1987.2640000000001,94.24000000000001,0.23704359442674733,39.2,0.324246635885348,1.1854000000000002,0.3399336658276059,0.9482,0.3313964424898851,1.4500000000000002,922.0,0.17089340983927248,5.474,0.2551629466021045,1.553231009832872,-17.12,4.59
86,AlNbTiVZr0.1,B2+Al3Zr5,1290,0.04264584683273219,0.012197865027796694,4.2439024390243905,0.08422509648785767,5.471219512195122,1956.5902439024394,100.00000000000001,0.20597418734797454,42.3609756097561,0.28081942528565995,1.2627560975609757,0.3214580749574909,0.8929268292682928,0.360191484685745,1.4785365853658539,926.1707317073171,0.1128939976739056,5.303658536585366,0.28080516978556186,1.4517167706706673,-16.44,2.26
87,AlNbTiVZr0.25,B2+Al3Zr5,1360,0.048141527644200995,0.01270766391344736,4.235294117647059,0.08638304923245499,5.508235294117648,1962.6047058823528,98.87058823529412,0.21315502077129056,41.741176470588236,0.29048029390558977,1.2475882352941174,0.32583282557048826,0.9037647058823528,0.3551138272294493,1.472941176470588,925.3529411764706,0.13089180108864767,5.337058823529412,0.27602523624264014,1.4934204190001885,-16.7,2.81
88,AlNbTiVZr0.5,B2+Al3Zr5+C14 Laves ZrAlV,1485,0.054569203077035916,0.013145213438928542,4.222222222222222,0.08894825426451983,5.564444444444444,1971.7377777777776,97.15555555555555,0.22301698443293896,40.8,0.3040664845313449,1.2245555555555554,0.33179887418755033,0.920222222222222,0.34686513190328916,1.4644444444444444,924.1111111111111,0.15048028789564702,5.387777777777778,0.2685428649507264,1.526437805329066,-16.98,3.56
89,AlNbTiVZr1.5,B2+Al3Zr5+C14 Laves ZrAlV,1535,0.06573238936181,0.013253901936467194,4.181818181818182,0.09232864346454377,5.738181818181818,1999.9672727272728,91.85454545454546,0.2459949068202312,37.89090909090909,0.337983279137455,1.1533636363636364,0.3445026928232681,0.971090909090909,0.31740315980300826,1.438181818181818,920.2727272727273,0.1797593100727491,5.544545454545454,0.24353944867725946,1.5657040820360906,-16.93,5.21
90,C0.1Hf0.5Mo0.5NbTiZr,BCC+MC,1183,0.09467459378850204,0.01360343226174191,4.487804878048781,0.09340432279442869,7.699999999999999,2422.024390243903,123.90243902439025,0.6534175953470397,51.1219512195122,0.5955474806318676,1.4479268292682927,0.5249846842200067,0.8301463414634147,0.35633721257386985,1.3851219512195123,1178.7804878048782,0.1846985727417037,6.350487804878049,0.15489191449854597,4.022935864343063,-8.19,4.65
91,C0.3Hf0.5Mo0.5NbTiZr,BCC+MC,1201,0.139624147260505,0.014165477537729627,4.465116279069767,0.14471924503854003,7.444186046511628,2499.9767441860463,118.13953488372094,0.7046716207739504,48.744186046511636,0.6486590760108168,1.5866279069767442,0.6127923735646837,0.802046511627907,0.39352937584075853,1.4388372093023254,1123.953488372093,0.24323945665679375,6.397906976744186,0.15383077735788542,1.6148364986144044,-21.93,4.23
92,CoCrCuFeMnNiTiV,FCC+BCC+sigma,1312,0.05439282932204212,0.017288476977526154,7.5,0.08340091004399233,7.443749999999999,1811.2024999999999,166.625,0.25799363111674634,64.7375,0.2595232775959371,1.49925,0.29313495367063047,0.769875,0.47976408541697896,1.7099999999999997,888.7262499999999,0.16021713834551324,4.2225,0.1654218864432884,3.973722426762413,-7.88,4.15
93,CoCrCuFeNi,FCC,230,0.01081711321072607,0.01338086680397711,8.8,0.038173171161016706,8.347999999999999,1768.924,181.60000000000002,0.2068198663132392,70.92,0.17501174652641585,1.7456000000000003,0.11756777847288111,0.5820000000000001,0.13467984840044964,1.8040000000000003,744.0,0.03594586598586994,4.14,0.08340856367592371,7.108028958065587,3.33,0.29
94,CoCrCuFeNiTi,FCC+Laves,1272,0.06036006803253922,0.014896688227162048,7.999999999999999,0.08312933625479506,7.708333333333333,1797.9366666666665,168.33333333333331,0.26933604967792957,65.31666666666666,0.2586283496149109,1.6298333333333332,0.196058770851037,0.6435,0.24090156950936276,1.7333333333333332,1078.3333333333333,0.1817255053052667,4.258333333333334,0.0966478333368698,3.3229903195429658,-8.06,5.14
95,CoCrCuFeNiTi0.5,FCC,700,0.04762738022334188,0.014697168880613487,8.363636363636363,0.0694390423008776,7.99909090909091,1784.749090909091,174.36363636363637,0.24372996008949577,67.86363636363636,0.22514964474255075,1.6824545454545454,0.16617117312381763,0.6155454545454545,0.21080973682151327,1.7654545454545456,926.3636363636364,0.1471434623876158,4.204545454545454,0.0921329746918339,7.669812514214124,-3.42,3.18
96,CoCrCuFeNiTi0.8,FCC+Laves,1042,0.0562551251183755,0.014870722517651312,8.137931034482758,0.07868096323120458,7.818620689655173,1792.9344827586208,170.6206896551724,0.2601020307994463,66.28275862068966,0.2466162069009719,1.649793103448276,0.18551839736450104,0.632896551724138,0.23160842717011815,1.7455172413793105,1020.6896551724137,0.17099024052981032,4.2379310344827585,0.09518856906968434,4.1659736227237705,-6.4,4.45
97,CoCrFeMnNi,FCC,230,0.03247832852046374,0.01338086680397711,8.0,0.04359933199128638,8.016,1801.2000000000003,195.20000000000002,0.1348183131469748,77.44,0.03994842858722171,1.5908000000000002,0.3169712101095836,0.7720000000000001,0.5890350877149144,1.7840000000000003,672.162,0.042091435478212536,4.026000000000001,0.14038153968151068,5.8076186234514635,-4.15,0.43
98,CoCrFeMnNiV0.25,FCC,200,0.03281269659406196,0.014335348767850854,7.857142857142857,0.054758423790428154,7.92,1819.3809523809523,191.95238095238093,0.1537079243330158,75.97142857142856,0.09514533131071284,1.5921428571428573,0.30909434326111623,0.7646666666666666,0.5819348445210925,1.7719047619047616,670.1542857142856,0.057919041449565015,4.087142857142857,0.1506224311674125,4.94904373699537,-5.27,0.7
99,CoCrFeMnNiV0.5,FCC+sigma,620,0.033012057166546746,0.014697168880613487,7.727272727272727,0.06215009171707702,7.832727272727272,1835.909090909091,188.99999999999997,0.1684834214612768,74.63636363636364,0.12518921841194025,1.5933636363636365,0.3017768288265682,0.7580000000000001,0.5749700817090795,1.760909090909091,668.329090909091,0.06781188279587531,4.142727272727273,0.1576679541472014,4.366127177758008,-6.18,0.92
100,CoCrFeMnNiV0.75,FCC+sigma,740,0.03310958008052279,0.014854820038583847,7.608695652173913,0.06741576497804556,7.753043478260869,1851.0,186.30434782608697,0.18041529896414027,73.41739130434783,0.14682509816684508,1.5944782608695651,0.2949554651797739,0.7519130434782607,0.56815428953143,1.7508695652173911,666.6626086956522,0.0746947108468728,4.193478260869565,0.16256863551979256,3.9791999842863532,-6.91,1.1
101,CoCrFeMnNiV1.0,FCC+sigma,1660,0.03312944527532513,0.014896688227162048,7.499999999999999,0.07130224518218442,7.68,1864.8333333333333,183.83333333333331,0.19024516369383218,72.3,0.16369651534483115,1.5955,0.28857661509476557,0.7463333333333333,0.5614959023849432,1.7416666666666667,665.135,0.07971243432818567,4.239999999999999,0.1659624525583745,3.703978768304803,-7.5,1.25
102,CoFeNi,FCC,209,0.0037813196854895215,0.009133862567986664,9.0,0.025831806394138485,8.543333333333333,1769.0,211.66666666666663,0.030939972762816535,78.73333333333332,0.01621015217534015,1.819,0.054239162108501764,0.5513333333333332,0.0559895376192997,1.8399999999999999,763.6666666666665,0.03110310935891695,4.369999999999999,0.015293621400277247,15.536348925738853,-1.04,0.23
103,CoFeNiSi0.25,FCC,196,0.02110490378646807,0.010685926202534507,8.615384615384617,0.027943752035751914,8.065384615384616,1762.6923076923078,204.0,0.13379058318527165,78.86923076923078,0.01665378729229806,1.7550769230769232,0.13724278340851812,0.5867692307692308,0.21522172289848943,1.8461538461538463,885.6923076923078,0.07522189000737163,4.390000000000001,0.021517548881035572,2.802976178240365,-6.72,1.19
104,CoFeNiSi0.5,FCC+Ni3Si,476,0.02766474249435299,0.011238732128524116,8.285714285714285,0.029293407709023892,7.655714285714285,1757.2857142857142,197.42857142857142,0.17930120803616173,78.98571428571428,0.016883488558676066,1.7002857142857142,0.17926290710141835,0.6171428571428571,0.2652765658300801,1.8514285714285712,990.2857142857142,0.09365784368140483,4.407142857142857,0.02496579515587642,1.8236069636324381,-10.83,1.88
105,CoFeNiSi0.75,FCC+Ni3Si,1301,0.03169136805174324,0.011467435803685826,7.999999999999999,0.03016217700290647,7.300666666666667,1752.6000000000001,191.73333333333332,0.21016007771489398,79.08666666666667,0.016975908541802677,1.6528,0.20807972854568133,0.6434666666666666,0.28956229522729543,1.8559999999999999,1080.9333333333334,0.1041872600825136,4.422,0.0271269894441549,1.4542567286208234,-13.82,2.38
106,CrHfNbTiZr,BCC+Laves,1375,0.08581584029802958,0.01338086680397711,4.6,0.08316524681236144,8.01,2301.2000000000003,111.4,0.2495188747302217,49.24,0.3348474098799996,1.3154000000000001,0.31267514698277565,0.8368,0.29797929324451,1.3840000000000001,1326.6,0.21556387347901207,5.8420000000000005,0.21004524977387531,7.835127401860593,-3.93,12.3
107,CrHfNbTiZr,BCC+Laves,1420,0.08581584029802958,0.01338086680397711,4.6,0.08316524681236144,8.01,2301.2000000000003,111.4,0.2495188747302217,49.24,0.3348474098799996,1.3154000000000001,0.31267514698277565,0.8368,0.29797929324451,1.3840000000000001,1326.6,0.21556387347901207,5.8420000000000005,0.21004524977387531,7.835127401860593,-3.93,12.3
108,CrHfNbTiZr,BCC+Laves,1457,0.08581584029802958,0.01338086680397711,4.6,0.08316524681236144,8.01,2301.2000000000003,111.4,0.2495188747302217,49.24,0.3348474098799996,1.3154000000000001,0.31267514698277565,0.8368,0.29797929324451,1.3840000000000001,1326.6,0.21556387347901207,5.8420000000000005,0.21004524977387531,7.835127401860593,-3.93,12.3
109,CrHfNbTiZr,BCC+Laves,1322,0.08581584029802958,0.01338086680397711,4.6,0.08316524681236144,8.01,2301.2000000000003,111.4,0.2495188747302217,49.24,0.3348474098799996,1.3154000000000001,0.31267514698277565,0.8368,0.29797929324451,1.3840000000000001,1326.6,0.21556387347901207,5.8420000000000005,0.21004524977387531,7.835127401860593,-3.93,12.3
110,CrHfNbTiZr,BCC+Laves,1328,0.08581584029802958,0.01338086680397711,4.6,0.08316524681236144,8.01,2301.2000000000003,111.4,0.2495188747302217,49.24,0.3348474098799996,1.3154000000000001,0.31267514698277565,0.8368,0.29797929324451,1.3840000000000001,1326.6,0.21556387347901207,5.8420000000000005,0.21004524977387531,7.835127401860593,-3.93,12.3
111,CrMo0.5NbTa0.5TiZr,BCC+BCC+Laves C15,1595,0.07965702639652636,0.014533431935812188,4.9,0.07751702321999267,8.01,2418.5,135.3,0.5421279733336527,57.410000000000004,0.48341748887385927,1.5699,0.37131014537723084,0.7394000000000001,0.393867668860725,1.4329999999999998,1021.6,0.20642871614421773,6.046,0.2337980592456597,7.44684430863597,-4.72,9.4
112,CrNbTiVZr,BCC+Laves,1298,0.08538621457847899,0.01338086680397711,4.8,0.07737304633103673,6.550000000000001,2236.6,109.20000000000002,0.23791201741547113,47.96,0.34183616513244613,1.4212000000000002,0.28688963980859783,0.7764000000000001,0.3326847229107876,1.458,1100.6,0.22859200877955588,5.6160000000000005,0.21365621947866298,6.725313863769709,-4.45,9.59
113,CrNbTiZr,BCC+Laves,1260,0.08682882086673946,0.01152565131835077,4.75,0.08427828206256956,6.6875,2250.0,104.75,0.26051515962198113,48.3,0.3791675489957632,1.37175,0.32239066933799254,0.8160000000000001,0.33685491092889913,1.44,1218.25,0.224840508336558,5.6925,0.23374103401759308,5.27087712729456,-4.92,10.53
114,CrTaTi0.17VW,BCC+TaV2,2034,0.05104985553126923,0.012472281058720574,5.438848920863309,0.0689285970282323,11.898489208633094,2798.635491606715,211.35251798561154,0.531007126089529,81.83237410071942,0.49709186736286054,2.1416474820143887,0.3018113994353362,0.5071151079136691,0.28227767968952305,1.4927098321342926,678.0575539568346,0.1484843932108593,6.5310551558753,0.29949922988121747,8.005818447759076,-4.36,6.34
115,CrTaTi0.3VW,BCC,2050,0.05214128608799539,0.012825285523967911,5.395348837209302,0.06790340313433123,11.675116279069767,2772.767441860465,208.04651162790697,0.5387980255021055,80.4860465116279,0.5066449284625625,2.108674418604651,0.31458483396300063,0.5205348837209303,0.30766649289990666,1.4893023255813953,740.6976744186046,0.1482935481577719,6.480232558139535,0.3005506934575235,7.937842440496107,-4.48,6.26
116,CrTaVW,BCC+TaV2,2327,0.049233907137438665,0.01152565131835077,5.5,0.07034188828336328,12.212499999999999,2835.0,216.0,0.5196952586521926,83.725,0.4832731250854958,2.1879999999999997,0.2827928508113774,0.48825,0.2301956060943328,1.4975,590.0,0.1484518396789371,6.602499999999999,0.2977029253685883,7.835784529382358,-4.17,6.44
117,CuMnNiSn0.158,FCC+L21,380,0.06268317071221932,0.010328111031929509,9.06649778340722,0.04943222995276215,8.331798606713111,1483.3435528815708,175.09271690943635,0.2667672321757502,67.46618112729576,0.2245482173954166,1.2670614312856239,0.4012786399706501,0.9785807473084231,0.497614314775041,1.8263331222292591,326.1146295123496,0.2731759246174086,3.5928182393920207,0.17252629745409315,15.168452388769964,-1.01,7.96
118,CuMnNiSn0.333,FCC+L21,620,0.07972940009379877,0.010922393647815715,8.8004800480048,0.05616766527003663,8.277098709870987,1431.971704170417,168.87122712271227,0.31141872702543993,66.7013801380138,0.22638200076999063,1.258814881488149,0.394144512998867,0.9745073507350734,0.4867231665665246,1.826000600060006,312.6672667266727,0.3519126295820438,3.5690429042904297,0.17140677597816353,10.156206912651173,-1.54,14.62
119,CuMnNiZn,FCC,215,0.04449750047148005,0.01152565131835077,10.0,0.03619574125544199,8.072500000000002,1324.2875,159.175,0.3210568594821105,59.75,0.3297846265317874,1.106,0.48614342025053936,1.1545,0.4546728070786066,1.7675,338.9525,0.1280987511784168,3.0500000000000003,0.36776159273224085,3.0105080809172473,-5.07,2.87
120,CuMnNiZn0.75,FCC,140,0.04319582036317823,0.011467435803685826,9.866666666666667,0.03708578111673157,8.135333333333334,1366.4046666666668,163.60666666666665,0.3038650641651218,61.44666666666667,0.31223651349089593,1.1398666666666666,0.47245093464977406,1.1201333333333332,0.46817360930086516,1.7793333333333332,339.0826666666667,0.12121201815707497,3.1633333333333336,0.3370099586345195,3.569284236186044,-4.39,2.53
121,Hf0.4Nb1.54Ta1.54Ti0.89Zr0.63,BCC,822,0.043591521029250076,0.012435438441904968,4.616,0.03194484529239997,10.379059999999999,2674.656,126.776,0.33077891945980686,52.2578,0.26974133601965533,1.5194519999999998,0.29030876911206904,0.728874,0.34163473908056374,1.3517599999999999,851.878,0.10853500125238028,6.992359999999999,0.16869856985460974,13.631360672652367,2.44,2.29
122,Hf0.5Mo0.5NbSi0.1TiZr,BCC+M5Si3,1365,0.06697586176151088,0.01360343226174191,4.487804878048781,0.06220266948127917,7.703170731707317,2363.219512195122,126.6341463414634,0.620591507934387,53.08536585365853,0.5589349918057703,1.3639756097560976,0.4392956084777857,0.8493170731707318,0.3310228386495033,1.3700000000000003,1236.09756097561,0.15000559704598934,6.283658536585366,0.159930804617827,6.854562164983603,-4.69,5.21
123,Hf0.5Mo0.5NbSi0.3TiZr,BCC+M5Si3,1428,0.0814692012457594,0.01416547753772963,4.465116279069767,0.08325289229829683,7.453255813953488,2331.767441860465,125.95348837209302,0.6097532039569074,54.36046511627908,0.5434578785212213,1.3464883720930232,0.43848945496477537,0.8568837209302327,0.32286378172486424,1.395581395348837,1287.906976744186,0.15830969839813905,6.206744186046512,0.16776300034914024,2.663758009748685,-12.4,5.74
124,Hf0.5Mo0.5NbSi0.5TiZr,BCC+M5Si3,1605,0.09208706955885602,0.01442584136318974,4.444444444444445,0.0978797723076102,7.225555555555554,2303.111111111111,125.33333333333334,0.5994376419991833,55.52222222222222,0.529099456341619,1.3305555555555553,0.4373063905292287,0.8637777777777778,0.31526814131393105,1.4188888888888886,1335.111111111111,0.1650223860114732,6.136666666666667,0.17411198755546808,1.7729090464615018,-18.74,6.16
125,Hf0.5Mo0.5NbSi0.7TiZr,BCC+M5Si3,1604,0.10030519757877225,0.014534222462977702,4.425531914893617,0.10898182672761171,7.017234042553191,2276.8936170212764,124.7659574468085,0.5896070450095776,56.58510638297873,0.51574947878059,1.3159787234042553,0.435819410153501,0.8700851063829786,0.3081754664320115,1.4402127659574468,1378.2978723404253,0.1705039520278754,6.072553191489361,0.17930189630270357,1.3800199480534272,-23.98,6.49
126,Hf0.5Mo0.5NbSi0.9TiZr,BCC+M5Si3,1677,0.10686144665994324,0.014549880322612039,4.408163265306122,0.11777345871395634,6.825918367346939,2252.816326530612,124.24489795918367,0.5802268833657651,57.56122448979591,0.5033075274660337,1.3025918367346936,0.43408748844458545,0.8758775510204081,0.3015337347060177,1.4597959183673466,1417.9591836734692,0.17500948410134998,6.013673469387754,0.18356619384757838,1.1574225967460061,-28.32,6.75
127,Hf0.5Mo0.5NbTiZr,BCC,1178,0.05724403392359729,0.012966357733144616,4.5,0.04649357418285787,7.8374999999999995,2380.125,127.0,0.6262194378183805,52.400000000000006,0.5671295302528722,1.373375,0.43952974175309567,0.8452500000000001,0.33533525432940986,1.35625,1208.25,0.1450990347246939,6.325,0.15531937273687452,128.58980083167012,-0.24,4.89
128,Hf0.75NbTa0.5Ti1.5Zr1.25,BCC,1060,0.04883235113558124,0.012840802738399295,4.3,0.04234591118113293,8.332,2369.55,107.6,0.31403014297151677,43.71,0.3304212071461555,1.22745,0.3215679336886512,0.8907,0.2723535010229629,1.334,1365.75,0.12834302533328648,6.3075,0.17942789818903657,13.345142161743006,2.28,3.28
129,Hf0.75NbTa0.5Ti1.5Zr1.25,BCC,1100,0.04883235113558124,0.012840802738399295,4.3,0.04234591118113293,8.332,2369.55,107.6,0.31403014297151677,43.71,0.3304212071461555,1.22745,0.3215679336886512,0.8907,0.2723535010229629,1.334,1365.75,0.12834302533328648,6.3075,0.17942789818903657,13.345142161743006,2.28,3.28
130,Hf0.75NbTa0.5Ti1.5Zr1.25,BCC,1150,0.04883235113558124,0.012840802738399295,4.3,0.04234591118113293,8.332,2369.55,107.6,0.31403014297151677,43.71,0.3304212071461555,1.22745,0.3215679336886512,0.8907,0.2723535010229629,1.334,1365.75,0.12834302533328648,6.3075,0.17942789818903657,13.345142161743006,2.28,3.28
131,Hf0.75NbTa0.5Ti1.5Zr1.25,BCC,890,0.04883235113558124,0.012840802738399295,4.3,0.04234591118113293,8.332,2369.55,107.6,0.31403014297151677,43.71,0.3304212071461555,1.22745,0.3215679336886512,0.8907,0.2723535010229629,1.334,1365.75,0.12834302533328648,6.3075,0.17942789818903657,13.345142161743006,2.28,3.28
132,HfMo0.25NbTaTiZr,BCC,1112,0.05266019222791587,0.014335348767850854,4.476190476190476,0.040201446402507265,9.876190476190475,2540.9047619047615,129.42857142857142,0.4572947719441862,51.43809523809523,0.4185160252170902,1.4013809523809524,0.37235289519756726,0.8094285714285714,0.33202559593451303,1.329047619047619,1111.047619047619,0.13052789922342534,6.65047619047619,0.1660218258905551,23.65243892714142,1.54,4.05
133,HfMo0.5NbSi0.3TiV0.5,BCC+M5Si3,1617,0.07930610581461509,0.014165477537729627,4.5813953488372094,0.08166643589200956,8.181162790697675,2382.348837209302,140.95348837209303,0.49708642997628827,60.17441860465116,0.42138873059741266,1.4677674418604651,0.3661695422198493,0.7566511627906977,0.28410781689023507,1.4013953488372093,1355.813953488372,0.15821878820446744,6.11953488372093,0.1772101696946526,2.914258112307829,-11.58,6.73
134,HfMo0.5NbSi0.5TiV0.5,BCC+M5Si3,1787,0.08824228878729196,0.014425841363189737,4.555555555555555,0.09521873377753186,7.92111111111111,2351.4444444444443,139.66666666666666,0.4922488608943936,61.07777777777777,0.41157952545720533,1.4464444444444444,0.3695924798530884,0.768,0.2820673031271816,1.4244444444444444,1400.0,0.1615644657039472,6.053333333333333,0.1823161296933017,1.9676081513868549,-17.24,6.92
135,HfMo0.5NbSi0.7TiV0.5,BCC+M5Si3,2134,0.09520569581710729,0.0145342224629777,4.531914893617021,0.10554139861002476,7.683191489361702,2323.170212765958,138.48936170212764,0.48742708855102324,61.90425531914894,0.40236550972297674,1.4269361702127659,0.37227925011598156,0.7783829787234042,0.27957314641917325,1.445531914893617,1440.4255319148936,0.16421820824540723,5.992765957446808,0.18646600593726573,1.5410987079736955,-21.91,7.06
136,HfMo0.5NbTaTiZr,BCC,1317,0.0549306648867017,0.014697168880613487,4.545454545454546,0.04222680685582526,9.89090909090909,2557.0,138.54545454545456,0.5149183886292668,54.690909090909095,0.47136332739493875,1.461545454545455,0.3965584193684276,0.7892727272727272,0.35265903633324136,1.3354545454545454,1073.2727272727273,0.1356711776748728,6.658181818181819,0.16210377915637578,61.60764070119457,0.61,4.6
137,HfMo0.5NbTiV0.5,BCC,1260,0.05949874704799862,0.012966357733144617,4.625,0.04836530858196931,8.62,2434.5,143.125,0.5043099081304382,58.650000000000006,0.4373268586709764,1.5037500000000001,0.35932411328927516,0.7375,0.2857810075169399,1.3624999999999998,1281.25,0.1514981950789696,6.231250000000001,0.16718869817134835,43.24191493334325,-0.73,6.3
138,HfMo0.75NbTaTiZr,BCC,1373,0.05669755198011478,0.014854820038583847,4.608695652173912,0.04379703302633066,9.904347826086955,2571.695652173913,146.8695652173913,0.5443801021404119,57.660869565217396,0.49956007075148634,1.516478260869565,0.4105955956170114,0.7708695652173913,0.37046910101128155,1.3413043478260869,1038.782608695652,0.13979954619629123,6.665217391304347,0.15845064405314482,224.7180947473647,-0.17,5.04
139,HfMoNbTaTiZr,BCC,1512,0.0580798209041472,0.014896688227162048,4.666666666666666,0.04502416133697748,9.916666666666666,2585.1666666666665,154.5,0.5592341632649961,60.38333333333333,0.5146223025557376,1.5668333333333333,0.4184520195180192,0.7539999999999999,0.3859963318196228,1.3466666666666667,1007.1666666666667,0.14313036642482588,6.671666666666667,0.15503385351731733,46.963929083640345,-0.82,5.39
140,HfMoNbTaTiZr,BCC,1512,0.0580798209041472,0.014896688227162048,4.666666666666666,0.04502416133697748,9.916666666666666,2585.1666666666665,154.5,0.5592341632649961,60.38333333333333,0.5146223025557376,1.5668333333333333,0.4184520195180192,0.7539999999999999,0.3859963318196228,1.3466666666666667,1007.1666666666667,0.14313036642482588,6.671666666666667,0.15503385351731733,46.963929083640345,-0.82,5.39
141,HfMoNbTiZr,BCC,1719,0.06132320726726522,0.01338086680397711,4.6,0.049045717296501076,8.620000000000001,2444.2000000000003,148.39999999999998,0.6297940424351728,59.52,0.5708128172179265,1.4802000000000002,0.463557114885943,0.8048000000000001,0.3647290212085381,1.348,1170.6,0.15211841440645876,6.386,0.13955058212479982,21.376153360967884,-1.53,6.27
142,HfMoNbTiZr,BCC,1575,0.06132320726726522,0.01338086680397711,4.6,0.049045717296501076,8.620000000000001,2444.2000000000003,148.39999999999998,0.6297940424351728,59.52,0.5708128172179265,1.4802000000000002,0.463557114885943,0.8048000000000001,0.3647290212085381,1.348,1170.6,0.15211841440645876,6.386,0.13955058212479982,21.376153360967884,-1.53,6.27
143,HfMoTaTiZr,BCC,1600,0.06132320726726522,0.01338086680397711,4.6,0.04932149759402905,10.186,2552.2000000000003,164.6,0.5550289082092135,60.56,0.5620505120702682,1.5398000000000003,0.46445225982414273,0.7874000000000001,0.3913434880693557,1.334,1176.6,0.15201066537729996,6.492,0.16082806239170222,18.360563579091604,-1.86,6.41
144,HfMoTaTiZr,BCC,1600,0.06132320726726522,0.01338086680397711,4.6,0.04932149759402905,10.186,2552.2000000000003,164.6,0.5550289082092135,60.56,0.5620505120702682,1.5398000000000003,0.46445225982414273,0.7874000000000001,0.3913434880693557,1.334,1176.6,0.15201066537729996,6.492,0.16082806239170222,18.360563579091604,-1.86,6.41
145,HfNbSi0.5TiV,BCC+M5Si3,1399,0.09042312987605136,0.013145213438928542,4.444444444444445,0.09575854934557229,7.4544444444444435,2272.333333333333,117.11111111111111,0.12390034579258735,52.58888888888889,0.23835773368309585,1.3235555555555554,0.22962058358203713,0.796,0.2200736670627052,1.431111111111111,1438.8888888888887,0.17398303297282192,5.885555555555555,0.1850286830246427,1.7529522694283228,-17.04,7.27
146,HfNbSi0.5TiVZr,BCC+Im (Silicide),1540,0.09393569802892601,0.014697168880613487,4.363636363636364,0.0935604694761043,7.284545454545455,2245.909090909091,108.18181818181817,0.2130181657297482,47.53636363636364,0.32821918896388136,1.2343636363636363,0.27035849725070016,0.8694545454545454,0.25560192963191697,1.410909090909091,1341.4545454545455,0.19027946307664445,5.951818181818183,0.16717802111559138,2.115929820486924,-15.6,7.9
147,HfNbSi0.5TiVZr,BCC+Im (Silicide),1483,0.09393569802892601,0.014697168880613487,4.363636363636364,0.0935604694761043,7.284545454545455,2245.909090909091,108.18181818181817,0.2130181657297482,47.53636363636364,0.32821918896388136,1.2343636363636363,0.27035849725070016,0.8694545454545454,0.25560192963191697,1.410909090909091,1341.4545454545455,0.19027946307664445,5.951818181818183,0.16717802111559138,2.115929820486924,-15.6,7.9
148,HfNbTaTiZr,BCC,1073,0.049710271686152725,0.01338086680397711,4.3999999999999995,0.037550372086560306,9.86,2523.2000000000003,119.4,0.33145519389295114,47.86,0.30832644485860916,1.3352000000000002,0.3298106753463831,0.8316000000000001,0.30779201611356916,1.322,1152.6,0.12406125834592531,6.642,0.17023843150940693,12.692707939772575,2.66,3.37
149,HfNbTaTiZr,BCC,929,0.049710271686152725,0.01338086680397711,4.3999999999999995,0.037550372086560306,9.86,2523.2000000000003,119.4,0.33145519389295114,47.86,0.30832644485860916,1.3352000000000002,0.3298106753463831,0.8316000000000001,0.30779201611356916,1.322,1152.6,0.12406125834592531,6.642,0.17023843150940693,12.692707939772575,2.66,3.37
150,HfNbTaTiZr,BCC,929,0.049710271686152725,0.01338086680397711,4.3999999999999995,0.037550372086560306,9.86,2523.2000000000003,119.4,0.33145519389295114,47.86,0.30832644485860916,1.3352000000000002,0.3298106753463831,0.8316000000000001,0.30779201611356916,1.322,1152.6,0.12406125834592531,6.642,0.17023843150940693,12.692707939772575,2.66,3.37
151,HfNbTaTiZr,BCC,1015,0.049710271686152725,0.01338086680397711,4.3999999999999995,0.037550372086560306,9.86,2523.2000000000003,119.4,0.33145519389295114,47.86,0.30832644485860916,1.3352000000000002,0.3298106753463831,0.8316000000000001,0.30779201611356916,1.322,1152.6,0.12406125834592531,6.642,0.17023843150940693,12.692707939772575,2.66,3.37
152,HfNbTaZr,BCC+HCP,1950,0.053186683457645836,0.01152565131835077,4.5,0.02224744058736083,11.197499999999998,2668.25,123.75,0.3488052984267739,50.5,0.30506941232872603,1.40625,0.3313802098146329,0.80175,0.347089459597996,1.3075,753.25,0.1200894256516998,7.09,0.10876382600149351,9.263047930779953,3.32,3.58
153,HfNbTaZr,BCC+HCP,1745,0.053186683457645836,0.01152565131835077,4.5,0.02224744058736083,11.197499999999998,2668.25,123.75,0.3488052984267739,50.5,0.30506941232872603,1.40625,0.3313802098146329,0.80175,0.347089459597996,1.3075,753.25,0.1200894256516998,7.09,0.10876382600149351,9.263047930779953,3.32,3.58
154,HfNbTaZr,BCC+HCP,2100,0.053186683457645836,0.01152565131835077,4.5,0.02224744058736083,11.197499999999998,2668.25,123.75,0.3488052984267739,50.5,0.30506941232872603,1.40625,0.3313802098146329,0.80175,0.347089459597996,1.3075,753.25,0.1200894256516998,7.09,0.10876382600149351,9.263047930779953,3.32,3.58
155,HfNbTaZr,BCC+HCP,2310,0.053186683457645836,0.01152565131835077,4.5,0.02224744058736083,11.197499999999998,2668.25,123.75,0.3488052984267739,50.5,0.30506941232872603,1.40625,0.3313802098146329,0.80175,0.347089459597996,1.3075,753.25,0.1200894256516998,7.09,0.10876382600149351,9.263047930779953,3.32,3.58
156,HfNbTaZr,BCC,1315,0.053186683457645836,0.01152565131835077,4.5,0.02224744058736083,11.197499999999998,2668.25,123.75,0.3488052984267739,50.5,0.30506941232872603,1.40625,0.3313802098146329,0.80175,0.347089459597996,1.3075,753.25,0.1200894256516998,7.09,0.10876382600149351,9.263047930779953,3.32,3.58
157,HfNbTiVZr,BCC+lm,1170,0.06958029841506061,0.01338086680397711,4.4,0.05256721148033797,7.780000000000001,2301.8,107.80000000000001,0.22389869894687328,44.24,0.27522179222210863,1.2590000000000001,0.2703241201123135,0.8552000000000001,0.266880488130033,1.36,1240.6,0.18014928309662065,6.0840000000000005,0.1556589478345714,154.00039604697255,0.2,7.15
158,HfNbTiVZr,BCC,1120,0.06958029841506061,0.01338086680397711,4.4,0.05256721148033797,7.780000000000001,2301.8,107.80000000000001,0.22389869894687328,44.24,0.27522179222210863,1.2590000000000001,0.2703241201123135,0.8552000000000001,0.266880488130033,1.36,1240.6,0.18014928309662065,6.0840000000000005,0.1556589478345714,154.00039604697255,0.2,7.15
159,HfNbTiVZr,BCC,1253,0.06958029841506061,0.01338086680397711,4.4,0.05256721148033797,7.780000000000001,2301.8,107.80000000000001,0.22389869894687328,44.24,0.27522179222210863,1.2590000000000001,0.2703241201123135,0.8552000000000001,0.266880488130033,1.36,1240.6,0.18014928309662065,6.0840000000000005,0.1556589478345714,154.00039604697255,0.2,7.15
160,HfNbTiVZr,BCC,1140,0.06958029841506061,0.01338086680397711,4.4,0.05256721148033797,7.780000000000001,2301.8,107.80000000000001,0.22389869894687328,44.24,0.27522179222210863,1.2590000000000001,0.2703241201123135,0.8552000000000001,0.266880488130033,1.36,1240.6,0.18014928309662065,6.0840000000000005,0.1556589478345714,154.00039604697255,0.2,7.15
161,HfNbTiVZr,BCC+Laves,1157,0.06958029841506061,0.01338086680397711,4.4,0.05256721148033797,7.780000000000001,2301.8,107.80000000000001,0.22389869894687328,44.24,0.27522179222210863,1.2590000000000001,0.2703241201123135,0.8552000000000001,0.266880488130033,1.36,1240.6,0.18014928309662065,6.0840000000000005,0.1556589478345714,154.00039604697255,0.2,7.15
162,Mo0.1NbTiV0.3Zr,BCC,932,0.059646818723533404,0.011620739001701859,4.4411764705882355,0.046388326245821905,6.594117647058823,2283.6470588235293,101.5,0.4322659066573751,43.49411764705882,0.4459351646259203,1.277705882352941,0.3483606115732685,0.8705882352941177,0.3051791346679341,1.3870588235294117,1185.294117647059,0.15724232045645406,6.160294117647059,0.17546764344693297,32.36300785681991,0.82,4.46
163,Mo0.3NbTiV0.3Zr,BCC,1312,0.06101100490539907,0.012317988973699241,4.527777777777779,0.04701149168682999,6.794444444444444,2317.6111111111113,114.19444444444444,0.5911846901874102,47.91111111111111,0.5470512796884416,1.3581111111111113,0.4012856937692867,0.8425555555555555,0.3357512810054238,1.3916666666666666,1135.0,0.15966119632095627,6.196944444444444,0.17126031696967603,135.94432434280722,-0.21,4.75
164,Mo0.3NbTiVZr,BCC,1289,0.06855870341318951,0.012825285523967911,4.604651162790698,0.04996315319615098,6.665116279069767,2295.6976744186045,116.27906976744184,0.5327847595417873,47.69767441860465,0.5028894656372602,1.400581395348837,0.36261921047647666,0.806,0.3372115378554338,1.4141860465116276,1052.7906976744184,0.1826922404597421,6.052558139534884,0.16931528456391445,27.011906560667637,-1.09,5.92
165,Mo0.5NbTiV0.3Zr,BCC,1301,0.061956125136798566,0.012647715131480424,4.605263157894737,0.047393944411201795,6.973684210526315,2348.0,125.55263157894736,0.6490142858165633,51.86315789473683,0.5886187469637131,1.4300526315789472,0.4279556138209922,0.8174736842105262,0.36110239751723006,1.3957894736842105,1089.9999999999998,0.1613366617074504,6.229736842105263,0.16731227060829476,28.831878765743724,-1.03,4.96
166,Mo0.5NbTiVZr,BCC,1473,0.06831118627938637,0.013145213438928542,4.666666666666666,0.049720836104894583,6.822222222222221,2322.333333333333,125.77777777777777,0.5953499989051978,51.044444444444444,0.5508480577351769,1.4594444444444443,0.3881904263298782,0.7864444444444445,0.35696257263916725,1.4166666666666665,1018.4444444444443,0.18170721557996727,6.086666666666666,0.16662097332332795,19.199727888682418,-1.59,5.93
167,Mo0.7NbTiV0.3Zr,BCC,1436,0.06258965616563293,0.012795332770171867,4.675,0.04759793795503011,7.135,2375.35,135.775,0.6707250316318217,55.419999999999995,0.6054061889144359,1.4948,0.4414636902802648,0.7948999999999999,0.38253546457954696,1.3995,1049.5,0.16244132255546997,6.259250000000001,0.16360301881835568,17.9842566246318,-1.69,5.11
168,Mo0.7NbTiVZr,BCC,1706,0.067990229522075,0.013308089344004216,4.723404255319149,0.04943207877595352,6.965957446808511,2346.7021276595747,134.46808510638297,0.6252104676871815,54.10638297872341,0.5750021311831582,1.5132978723404256,0.40334561029617,0.7685531914893617,0.37408479795497385,1.4189361702127659,987.0212765957448,0.18060463211433903,6.1178723404255315,0.16400025255404038,15.537373919730554,-2.01,5.92
169,Mo1.3NbTiV0.3Zr,BCC,1603,0.06328145704915678,0.012723993743199625,4.847826086956522,0.047526479589560584,7.534782608695653,2443.130434782609,161.10869565217394,0.6653425965228668,64.23478260869567,0.6023146646598488,1.6552608695652176,0.44816796776303774,0.7389565217391305,0.43064107868136403,1.4086956521739131,949.1304347826087,0.1634519790568776,6.332391304347826,0.15371916902544377,10.327699789366942,-3.01,5.29
170,Mo1.3NbTiVZr,BCC,1496,0.06674536839892042,0.01333027951683352,4.867924528301887,0.04839369144535905,7.332075471698114,2408.7735849056608,156.60377358490567,0.6419300399755133,61.9056603773585,0.5901772021718614,1.6504716981132077,0.4188019287320373,0.7229811320754718,0.41395469558691905,1.4247169811320755,906.9811320754719,0.1768566566132402,6.197358490566039,0.15662674839184332,11.149175409568606,-2.88,5.79
171,Mo1.5NbTiV0.3Zr,BCC,1576,0.06324919466881179,0.01261363807598005,4.895833333333333,0.04735735584227058,7.645833333333333,2461.9583333333335,168.14583333333334,0.655556627802871,66.68333333333334,0.5946548752753602,1.6998333333333333,0.445351091888354,0.7234166666666667,0.4427812398271582,1.41125,921.2500000000001,0.1632700963243429,6.352708333333334,0.15078346682380636,9.438982180793229,-3.29,5.3
172,Mo1.5NbTiVZr,BCC+BCC,1603,0.06627265338583214,0.013253901936467194,4.909090909090909,0.04801428963480144,7.4363636363636365,2426.4545454545455,162.9090909090909,0.6376866293758695,64.12727272727273,0.5870224600446359,1.6895454545454545,0.4188833820593091,0.71,0.4243571475262928,1.4263636363636365,884.1818181818182,0.17552233025102915,6.220000000000001,0.1543347460554339,10.441555389204423,-3.08,5.73
173,Mo1.7NbTiVZr,BCC+BCC,1645,0.06578354181217179,0.013154482518876146,4.947368421052632,0.0476264594431783,7.533333333333332,2442.894736842105,168.7719298245614,0.6314856308298552,66.19298245614034,0.58211443999659,1.7258771929824563,0.4176603616153773,0.6979298245614035,0.43364446264928735,1.4278947368421053,862.9824561403508,0.1741671054774535,6.241052631578947,0.1521235453912027,9.918214849149386,-3.24,5.66
174,Mo2NbTiVZr,BCC+BCC,1765,0.06503014418925514,0.012975746340770254,5.0,0.047036043419179864,7.666666666666666,2465.5,176.83333333333331,0.6201359893920834,69.03333333333333,0.572829781130967,1.7758333333333334,0.4141997797217494,0.6813333333333332,0.44578922397804793,1.43,833.8333333333333,0.17211437002795407,6.27,0.14895284374975032,9.327026998008472,-3.43,5.55
175,MoNbTaTi0.25W,BCC,1109,0.02494988741914958,0.01270766391344736,5.411764705882353,0.0311812071125688,13.081764705882351,3084.176470588235,247.41176470588232,0.4883289088192482,96.12352941176471,0.4233598229477881,2.3345294117647057,0.28503048287072963,0.47052941176470586,0.3406125033033696,1.42,422.94117647058823,0.06447353163848486,7.671176470588234,0.13291554839120565,6.33161196090429,-6.19,1.56
176,MoNbTaTi0.5W,BCC,1211,0.026023550954744408,0.013145213438928542,5.333333333333333,0.031013455315199473,12.605555555555554,3020.7777777777774,239.33333333333331,0.5099471433667051,92.85555555555555,0.44995283503166994,2.263222222222222,0.3138721701886025,0.49722222222222223,0.3835571762948542,1.4177777777777776,552.2222222222222,0.06320496291297406,7.514444444444444,0.15742901727844041,6.8228124811788895,-5.82,1.48
177,MoNbTaTi0.75W,BCC,1304,0.026769678636010846,0.013332065209759663,5.2631578947368425,0.030795566312308672,12.179473684210524,2964.052631578947,232.10526315789474,0.5285814968529531,89.93157894736842,0.4727631669133693,2.1994210526315787,0.33759512178024853,0.5211052631578947,0.4058325252019092,1.4157894736842105,667.8947368421052,0.06198822064396496,7.374210526315789,0.17575687629225642,7.197985968919901,-5.49,1.42
178,MoNbTaTiV,BCC,1400,0.03697765458727077,0.01338086680397711,5.0,0.037043585843574825,9.136000000000001,2612.2,169.6,0.5048299335785792,66.22,0.4526701437578336,1.8194000000000001,0.3007554784634466,0.6044,0.32112716382713224,1.426,802.0,0.0968604900209558,6.53,0.19299690848108114,15.197174028412613,-2.3,2.45
179,MoNbTaTiVW,BCC,1515,0.034811952889685666,0.014896688227162048,5.166666666666666,0.0338455377438443,10.83,2791.333333333333,209.16666666666663,0.5643960314103403,80.51666666666667,0.5226303706951148,2.0548333333333333,0.35317469967001913,0.5551666666666666,0.3757337181856575,1.4333333333333336,748.3333333333333,0.09059680974683344,6.925,0.20944561174453546,10.14185912311016,-4.1,2.29
180,MoNbTaTiW,BCC,1343,0.027284232711590528,0.01338086680397711,5.2,0.030543105284406954,11.796000000000001,2913.0,225.6,0.5447520108104495,87.3,0.49253256564683107,2.142,0.35750328139104776,0.5426,0.41728967394515687,1.414,772.0,0.0608238267770344,7.248,0.1900999853360258,7.51030154142299,-5.19,1.35
181,MoNbTaTiW,BCC,1455,0.027284232711590528,0.01338086680397711,5.2,0.030543105284406954,11.796000000000001,2913.0,225.6,0.5447520108104495,87.3,0.49253256564683107,2.142,0.35750328139104776,0.5426,0.41728967394515687,1.414,772.0,0.0608238267770344,7.248,0.1900999853360258,7.51030154142299,-5.19,1.35
182,MoNbTaTiZr,BCC+BCC,1390,0.05435812894892686,0.01338086680397711,4.8,0.042883278127582504,9.24,2601.0,157.79999999999998,0.5976076806953871,61.86,0.5471679976881448,1.6622000000000001,0.40859840026329897,0.7208,0.427682456878697,1.384,856.6,0.13784011905971089,6.718,0.16781154708490223,21.351923041192922,-1.63,3.89
183,MoNbTaTiZr,BCC+BCC,1100,0.05435812894892686,0.01338086680397711,4.8,0.042883278127582504,9.24,2601.0,157.79999999999998,0.5976076806953871,61.86,0.5471679976881448,1.6622000000000001,0.40859840026329897,0.7208,0.427682456878697,1.384,856.6,0.13784011905971089,6.718,0.16781154708490223,21.351923041192922,-1.63,3.89
184,MoNbTaTiZr,BCC+BCC,1375,0.05435812894892686,0.01338086680397711,4.8,0.042883278127582504,9.24,2601.0,157.79999999999998,0.5976076806953871,61.86,0.5471679976881448,1.6622000000000001,0.40859840026329897,0.7208,0.427682456878697,1.384,856.6,0.13784011905971089,6.718,0.16781154708490223,21.351923041192922,-1.63,3.89
185,MoNbTaV,BCC,1525,0.034057693617532865,0.01152565131835077,5.25,0.040283195564888914,10.2925,2779.5,186.5,0.4715832173693339,73.45,0.3996843229296329,2.0115,0.21656501834968786,0.51775,0.18871986550842013,1.4375,315.0,0.1046836523943662,6.95,0.1511373645927321,10.234999309698392,-3.13,2.95
186,MoNbTaVW,BCC,1246,0.030835420770857477,0.01338086680397711,5.4,0.03617554826786702,12.094000000000001,2961.0,230.6,0.5125061771758679,89.16,0.45925543743268055,2.2556000000000003,0.27692012640082553,0.47600000000000003,0.2539324221578457,1.444,348.0,0.09494780471636326,7.340000000000001,0.16636210717652894,8.447920385197488,-4.69,2.61
187,MoNbTaVW,BCC,1246,0.030835420770857477,0.01338086680397711,5.4,0.03617554826786702,12.094000000000001,2961.0,230.6,0.5125061771758679,89.16,0.45925543743268055,2.2556000000000003,0.27692012640082553,0.47600000000000003,0.2539324221578457,1.444,348.0,0.09494780471636326,7.340000000000001,0.16636210717652894,8.447920385197488,-4.69,2.61
188,MoNbTaVW,BCC,2612,0.030835420770857477,0.01338086680397711,5.4,0.03617554826786702,12.094000000000001,2961.0,230.6,0.5125061771758679,89.16,0.45925543743268055,2.2556000000000003,0.27692012640082553,0.47600000000000003,0.2539324221578457,1.444,348.0,0.09494780471636326,7.340000000000001,0.16636210717652894,8.447920385197488,-4.69,2.61
189,MoNbTaW,BCC,1058,0.02339301758608589,0.01152565131835077,5.5,0.0312766951284245,13.6175,3155.5,256.5,0.4630234904518729,99.8,0.3919097583138391,2.4147499999999997,0.248833533233939,0.4405,0.2482803626398173,1.4224999999999999,277.5,0.06579099395839377,7.8475,0.09671767188638133,5.4938357605824555,-6.62,1.64
190,MoNbTaW,BCC,996,0.02339301758608589,0.01152565131835077,5.5,0.0312766951284245,13.6175,3155.5,256.5,0.4630234904518729,99.8,0.3919097583138391,2.4147499999999997,0.248833533233939,0.4405,0.2482803626398173,1.4224999999999999,277.5,0.06579099395839377,7.8475,0.09671767188638133,5.4938357605824555,-6.62,1.64
191,MoNbTiV,BCC,1200,0.03978190270405806,0.01152565131835077,5.0,0.030674860535839413,7.32,2442.75,165.75,0.5751869103963968,66.60000000000001,0.5030511832063987,1.7742499999999999,0.3400841511401429,0.6305,0.33148769295674596,1.4475,955.0,0.10014677796775676,6.1375,0.1796010703779369,11.398495853401354,-2.47,2.36
192,MoNbTiV0.25Zr,BCC,1750,0.06263306547884111,0.01270766391344736,4.764705882352941,0.0474933816628712,7.36470588235294,2414.2941176470586,149.58823529411765,0.6776839266921252,60.29411764705882,0.6110082441019103,1.5801764705882353,0.4515881444288528,0.7667058823529411,0.410063346916717,1.4029411764705881,1000.1176470588234,0.16170153861244196,6.3100000000000005,0.1581594623794344,12.573786161996624,-2.44,5.16
193,MoNbTiV0.3Zr,BCC,1455,0.063115714111709,0.012825285523967911,4.767441860465117,0.04766298252937113,7.348837209302324,2411.6046511627906,149.32558139534882,0.6751122279728398,60.13488372093024,0.6095430431080896,1.5806279069767442,0.4488344548158514,0.7649767441860466,0.4091248829201445,1.4044186046511629,995.8139534883721,0.16329707263973522,6.298372093023255,0.1584444188406166,12.624293151874213,-2.45,5.24
194,MoNbTiV0.5Zr,BCC,1640,0.06476253144034648,0.013145213438928542,4.777777777777779,0.04821526358175285,7.288888888888888,2401.4444444444443,148.33333333333334,0.6650774307479479,59.53333333333334,0.6036852199616173,1.5823333333333331,0.4383026128085964,0.7584444444444445,0.405346470943049,1.4099999999999997,979.5555555555555,0.16890216095423294,6.254444444444443,0.15933482991641695,12.677710756606986,-2.49,5.49
195,MoNbTiV0.75Zr,BCC,1680,0.06630322472426896,0.013332065209759663,4.7894736842105265,0.048673915209987775,7.221052631578948,2389.9473684210525,147.21052631578948,0.6530784199576865,58.85263157894737,0.5964023551279062,1.5842631578947368,0.426124111068854,0.7510526315789473,0.40060038553394894,1.416315789473684,961.1578947368421,0.17446770268551756,6.204736842105262,0.1599798219433016,12.74517366547319,-2.5,5.71
196,MoNbTiV1.5Zr,BCC,1720,0.06871080155546368,0.013253901936467194,4.818181818181818,0.04905848932892129,7.054545454545455,2361.727272727273,144.45454545454547,0.6203590154349491,57.18181818181818,0.5751635733869174,1.5890000000000002,0.39489658502180763,0.7329090909090908,0.38655561867350674,1.4318181818181819,916.0,0.18475959873354209,6.082727272727273,0.15983513249150647,12.621815190890077,-2.48,6.03
197,MoNbTiV2Zr,BCC,1520,0.06921346615902926,0.012975746340770254,4.833333333333333,0.04883085486817127,6.966666666666665,2346.833333333333,143.0,0.6009376452126673,56.3,0.5617096322704521,1.5915,0.3775267330530984,0.7233333333333333,0.3775599969775897,1.44,892.1666666666666,0.18825560947633405,6.018333333333333,0.1586866385326001,12.531651867241832,-2.43,6.05
198,MoNbTiV3Zr,BCC,1415,0.06891108575394728,0.012263784450108733,4.857142857142856,0.0478393728611733,6.828571428571428,2323.428571428571,140.71428571428572,0.5667957659373172,54.91428571428571,0.5367358333983944,1.5954285714285714,0.3487133451598801,0.7082857142857143,0.36075210905677785,1.4528571428571428,854.7142857142857,0.1908788517946617,5.917142857142856,0.15518813001170498,12.44280663110221,-2.29,5.9
199,MoNbTiVZr,BCC,1770,0.06740890361837978,0.01338086680397711,4.8,0.04893730076778731,7.160000000000001,2379.6,146.2,0.6416495758923235,58.24,0.5892026584697803,1.5860000000000003,0.4149070314095903,0.7444000000000001,0.3958677677453951,1.422,944.6,0.1787932559944264,6.16,0.16021995338484304,12.685701452886029,-2.51,5.87
200,MoNbTiZr,BCC,1560,0.05968235982938835,0.01152565131835077,4.75,0.046409794295684086,7.45,2428.75,151.0,0.690935121762513,61.150000000000006,0.6183105136870393,1.57775,0.46615916473487085,0.776,0.41469124223888176,1.395,1023.25,0.15227524652615407,6.3725000000000005,0.15628104731155698,11.811361029301448,-2.37,4.72
201,MoTaTiV,BCC,1221,0.03978190270405806,0.01152565131835077,5.0,0.03614204568546651,9.2775,2577.75,186.0,0.475388614299035,67.9,0.49046800680310515,1.84875,0.32900703005388715,0.60875,0.35610722743702544,1.43,962.5,0.10038639142793905,6.27,0.20470356176479107,12.226439376904814,-2.43,2.59
202,NbTaTiV,BCC,965,0.037861979617132294,0.01152565131835077,4.75,0.03777400376983371,8.87,2541.5,129.5,0.25880248687056207,52.025,0.20675152684661377,1.593,0.2156311135598407,0.664,0.2579107488018103,1.415,932.5,0.10163737101766201,6.4575,0.21675065756086953,488.20738042647474,-0.06,2.46
203,NbTaTiVW,BCC,1420,0.03591919632529002,0.01338086680397711,5.0,0.03408491726646861,10.956,2770.6,185.0,0.6214946991459155,72.02000000000001,0.5711049850602713,1.9208000000000003,0.3769368367134397,0.5930000000000001,0.3522232371126957,1.4260000000000002,842.0,0.09491642351919655,6.946000000000001,0.2286226021319458,10.269537276204705,-3.61,2.42
204,NbTaVW,BCC,1530,0.03317468944058005,0.01152565131835077,5.25,0.03603437878323466,12.567499999999999,2977.5,205.75,0.5826584359999216,80.7,0.5165941421165262,2.1382499999999998,0.30266526409243527,0.5035000000000001,0.23900310916700573,1.4375,365.0,0.10285363149182318,7.470000000000001,0.17857065413267542,7.396040258704617,-4.64,2.94
205,NbTiV0.3Zr,BCC,866,0.058761001250279665,0.010836255938803989,4.3939393939393945,0.04595985964190425,6.484848484848485,2265.121212121212,94.57575757575758,0.19871886579090908,41.084848484848486,0.33570640526591344,1.233848484848485,0.3018632759863407,0.8858787878787879,0.28730371654731196,1.3845454545454547,1212.7272727272727,0.1556824882265353,6.140303030303031,0.1776749627682131,17.285516328844633,1.42,4.27
206,NbTiV2Zr,BCC+BCC+BCC,918,0.07282330987796451,0.011075736540306956,4.6,0.05129819954937913,6.32,2237.2000000000003,105.6,0.20508836479366005,42.96,0.26782079269856696,1.3648,0.2588898965543529,0.7948000000000001,0.3052386887041053,1.434,1014.6,0.19888393696963136,5.8580000000000005,0.16552884677625207,23.376073384881817,-1.06,6.44
207,NbTiVZr,BCC,1104,0.06873915851193065,0.01152565131835077,4.5,0.05020356697953337,6.3999999999999995,2250.75,100.25,0.20999520105295436,42.050000000000004,0.30206119187007935,1.30125,0.28326215763966317,0.839,0.30106265501217344,1.4100000000000001,1110.75,0.18386291467557778,5.995,0.17346787357960516,235.83054277070906,-0.11,5.85
208,NbTiVZr,BCC,1105,0.06873915851193065,0.01152565131835077,4.5,0.05020356697953337,6.3999999999999995,2250.75,100.25,0.20999520105295436,42.050000000000004,0.30206119187007935,1.30125,0.28326215763966317,0.839,0.30106265501217344,1.4100000000000001,1110.75,0.18386291467557778,5.995,0.17346787357960516,235.83054277070906,-0.11,5.85
